32.6948537,74.8775124,rk,2015-09-24 07:09:03.728000
,,AB,2015-09-24 07:09:03.732000
,,ASG,2015-09-24 07:09:03.732000
,,Augusto,2015-09-24 07:09:03.732000
51.5003097,-0.1627495,ASGA,2015-09-24 07:09:03.732000
,,CJ,2015-09-24 07:09:03.732000
28.5187918,77.1561141,RG,2015-09-24 07:09:03.732000
,,tools,2015-09-24 07:09:03.732000
32.6948537,74.8775124,rk,2015-09-24 07:09:14.532000
,,AB,2015-09-24 07:09:14.534000
,,ASG,2015-09-24 07:09:14.534000
,,Augusto,2015-09-24 07:09:14.534000
51.5003097,-0.1627495,ASGA,2015-09-24 07:09:14.534000
,,CJ,2015-09-24 07:09:14.534000
28.5187918,77.1561141,RG,2015-09-24 07:09:14.534000
,,tools,2015-09-24 07:09:14.534000
32.6948537,74.8775124,rk,2015-09-24 07:18:47.493000
,,AB,2015-09-24 07:19:29.460000
,,ASG,2015-09-24 07:19:29.460000
,,Augusto,2015-09-24 07:19:29.460000
51.5003097,-0.1627495,ASGA,2015-09-24 07:19:29.460000
,,CJ,2015-09-24 07:19:29.460000
28.5187918,77.1561141,RG,2015-09-24 07:19:29.460000
,,tools,2015-09-24 07:19:29.460000
32.6948537,74.8775124,rk,2015-09-24 07:20:31.387000
,,AB,2015-09-24 07:21:15.096000
,,ASG,2015-09-24 07:21:15.096000
,,Augusto,2015-09-24 07:21:15.096000
51.5003097,-0.1627495,ASGA,2015-09-24 07:21:15.096000
,,CJ,2015-09-24 07:21:15.096000
28.5187918,77.1561141,RG,2015-09-24 07:21:15.096000
,,tools,2015-09-24 07:21:15.096000
32.6948537,74.8775124,rk,2015-09-24 07:22:05.741000
,,AB,2015-09-24 07:22:55.268000
,,ASG,2015-09-24 07:22:55.268000
,,Augusto,2015-09-24 07:22:55.268000
51.5003097,-0.1627495,ASGA,2015-09-24 07:22:55.268000
,,CJ,2015-09-24 07:22:55.268000
28.5187918,77.1561141,RG,2015-09-24 07:22:55.268000
,,tools,2015-09-24 07:22:55.268000
32.6948537,74.8775124,rk,2015-09-24 07:23:47.863000
,,AB,2015-09-24 07:24:30.006000
,,ASG,2015-09-24 07:24:30.006000
,,Augusto,2015-09-24 07:24:30.006000
51.5003097,-0.1627495,ASGA,2015-09-24 07:24:30.006000
,,CJ,2015-09-24 07:24:30.006000
28.5187918,77.1561141,RG,2015-09-24 07:24:30.006000
,,tools,2015-09-24 07:24:30.006000
32.6948537,74.8775124,rk,2015-09-24 07:25:17.032000
,,AB,2015-09-24 07:25:59.208000
,,ASG,2015-09-24 07:25:59.208000
,,Augusto,2015-09-24 07:25:59.208000
51.5003097,-0.1627495,ASGA,2015-09-24 07:25:59.208000
,,CJ,2015-09-24 07:25:59.208000
28.5187918,77.1561141,RG,2015-09-24 07:25:59.208000
,,tools,2015-09-24 07:25:59.208000
32.6948537,74.8775124,rk,2015-09-24 07:26:49.816000
,,AB,2015-09-24 07:28:31.198000
,,ASG,2015-09-24 07:28:31.198000
,,Augusto,2015-09-24 07:28:31.198000
51.5003097,-0.1627495,ASGA,2015-09-24 07:28:31.198000
,,CJ,2015-09-24 07:28:31.198000
28.5187918,77.1561141,RG,2015-09-24 07:28:31.198000
,,tools,2015-09-24 07:28:31.198000
28.4222157,77.0944701,rk,2015-09-24 07:33:57.395000
,,AB,2015-09-24 07:34:09.563000
,,ASG,2015-09-24 07:34:09.563000
,,Augusto,2015-09-24 07:34:09.563000
51.5003097,-0.1627495,ASGA,2015-09-24 07:34:09.563000
,,CJ,2015-09-24 07:34:09.563000
28.5187918,77.1561141,RG,2015-09-24 07:34:09.563000
,,tools,2015-09-24 07:34:09.563000
28.4222157,77.0944701,rk,2015-09-24 07:34:41.877000
,,AB,2015-09-24 07:34:41.877000
,,ASG,2015-09-24 07:34:41.877000
,,Augusto,2015-09-24 07:34:41.877000
51.5003097,-0.1627495,ASGA,2015-09-24 07:34:41.877000
,,CJ,2015-09-24 07:34:41.877000
28.5187918,77.1561141,RG,2015-09-24 07:34:41.877000
,,tools,2015-09-24 07:34:41.877000
28.4222017,77.0944767,rk,2015-09-24 07:35:19.372000
,,AB,2015-09-24 07:35:19.372000
,,ASG,2015-09-24 07:35:19.372000
,,Augusto,2015-09-24 07:35:19.372000
51.5003097,-0.1627495,ASGA,2015-09-24 07:35:19.372000
,,CJ,2015-09-24 07:35:19.372000
28.5187918,77.1561141,RG,2015-09-24 07:35:19.372000
,,tools,2015-09-24 07:35:19.372000
28.4222017,77.0944767,rk,2015-09-24 07:36:02.846000
,,AB,2015-09-24 07:36:02.850000
,,ASG,2015-09-24 07:36:02.850000
,,Augusto,2015-09-24 07:36:02.850000
51.5003097,-0.1627495,ASGA,2015-09-24 07:36:02.850000
,,CJ,2015-09-24 07:36:02.850000
28.5187918,77.1561141,RG,2015-09-24 07:36:02.850000
,,tools,2015-09-24 07:36:02.850000
28.4222017,77.0944767,rk,2015-09-24 07:36:40.535000
,,AB,2015-09-24 07:36:40.535000
,,ASG,2015-09-24 07:36:40.535000
,,Augusto,2015-09-24 07:36:40.535000
51.5003097,-0.1627495,ASGA,2015-09-24 07:36:40.535000
,,CJ,2015-09-24 07:36:40.535000
28.5187918,77.1561141,RG,2015-09-24 07:36:40.535000
,,tools,2015-09-24 07:36:40.535000
28.4222017,77.0944767,rk,2015-09-24 07:37:32.308000
,,AB,2015-09-24 07:37:32.312000
,,ASG,2015-09-24 07:37:32.312000
,,Augusto,2015-09-24 07:37:32.312000
51.5003097,-0.1627495,ASGA,2015-09-24 07:37:32.312000
,,CJ,2015-09-24 07:37:32.312000
28.5187918,77.1561141,RG,2015-09-24 07:37:32.312000
,,tools,2015-09-24 07:37:32.312000
28.4222017,77.0944767,rk,2015-09-24 07:38:15.758000
,,AB,2015-09-24 07:38:27.509000
,,ASG,2015-09-24 07:38:27.509000
,,Augusto,2015-09-24 07:38:27.509000
51.5003097,-0.1627495,ASGA,2015-09-24 07:38:27.509000
,,CJ,2015-09-24 07:38:27.509000
28.5187918,77.1561141,RG,2015-09-24 07:38:27.509000
,,tools,2015-09-24 07:38:27.509000
28.4221972,77.0945131,rk,2015-09-24 07:39:00.636000
,,AB,2015-09-24 07:39:00.636000
,,ASG,2015-09-24 07:39:00.636000
,,Augusto,2015-09-24 07:39:00.636000
51.5003097,-0.1627495,ASGA,2015-09-24 07:39:00.636000
,,CJ,2015-09-24 07:39:00.636000
28.5187918,77.1561141,RG,2015-09-24 07:39:00.636000
,,tools,2015-09-24 07:39:00.636000
28.62977,77.23041,ASG,2015-12-24 14:50:00.110000
28.65631,77.23175,AB,2015-12-24 14:50:00.145000
51.64758,-0.16545,Augusto,2015-12-24 14:50:00.146000
28.54357,77.21096,CJ,2015-12-24 14:50:00.147000
28.5187918,77.1561141,RG,2015-12-24 14:50:00.148000
,,tools,2015-12-24 14:50:00.149000
28.5119711,77.1671096,rk,2015-12-24 14:50:00.150000
28.6296351,77.2308247,ASGA,2015-12-24 14:50:00.151000
28.62977,77.23041,ASG,2015-12-28 01:48:49.790000
28.65631,77.23175,AB,2015-12-28 01:48:49.790000
51.64758,-0.16545,Augusto,2015-12-28 01:48:49.790000
28.54357,77.21096,CJ,2015-12-28 01:48:49.790000
28.5187918,77.1561141,RG,2015-12-28 01:48:49.790000
,,tools,2015-12-28 01:48:49.790000
28.5119435,77.167222,rk,2015-12-28 01:48:49.790000
28.62977,77.23041,ASG,2015-12-28 01:49:17.871000
28.65631,77.23175,AB,2015-12-28 01:49:17.871000
51.64758,-0.16545,Augusto,2015-12-28 01:49:17.886000
28.54357,77.21096,CJ,2015-12-28 01:49:17.886000
28.5187918,77.1561141,RG,2015-12-28 01:49:17.886000
,,tools,2015-12-28 01:49:17.886000
28.5119435,77.167222,rk,2015-12-28 01:49:17.886000
28.62977,77.23041,ASG,2015-12-28 01:50:03.826000
28.62977,77.23041,ASG,2015-12-28 01:50:28.474000
28.65631,77.23175,AB,2015-12-28 01:50:28.490000
51.64758,-0.16545,Augusto,2015-12-28 01:50:28.490000
28.54357,77.21096,CJ,2015-12-28 01:50:28.490000
28.5187918,77.1561141,RG,2015-12-28 01:50:28.490000
,,tools,2015-12-28 01:50:28.490000
28.5119435,77.167222,rk,2015-12-28 01:50:28.490000
28.6296351,77.2308247,ASGA,2015-12-28 01:50:28.490000
28.62977,77.23041,ASG,2015-12-28 01:50:48.252000
28.65631,77.23175,AB,2015-12-28 01:50:48.284000
51.64758,-0.16545,Augusto,2015-12-28 01:50:48.315000
28.54357,77.21096,CJ,2015-12-28 01:50:48.346000
28.5187918,77.1561141,RG,2015-12-28 01:50:48.377000
,,tools,2015-12-28 01:50:48.408000
28.5119435,77.167222,rk,2015-12-28 01:50:48.440000
28.6296351,77.2308247,ASGA,2015-12-28 01:50:48.455000
28.62977,77.23041,ASG,2015-12-28 02:06:54.261000
28.65631,77.23175,AB,2015-12-28 02:06:54.263000
51.64758,-0.16545,Augusto,2015-12-28 02:06:54.263000
28.54357,77.21096,CJ,2015-12-28 02:06:54.263000
28.5187918,77.1561141,RG,2015-12-28 02:06:54.263000
,,tools,2015-12-28 02:06:54.263000
28.5119435,77.167222,rk,2015-12-28 02:06:54.263000
28.6296351,77.2308247,ASGA,2015-12-28 02:06:54.263000
28.62977,77.23041,ASG,2015-12-28 02:44:15.969000
28.65631,77.23175,AB,2015-12-28 02:44:15.998000
51.64758,-0.16545,Augusto,2015-12-28 02:44:15.999000
28.54357,77.21096,CJ,2015-12-28 02:44:15.999000
28.5187918,77.1561141,RG,2015-12-28 02:44:16
,,tools,2015-12-28 02:44:16.001000
28.5119435,77.167222,rk,2015-12-28 02:44:16.001000
28.62977,77.23041,ASG,2015-12-28 02:44:37.686000
28.65631,77.23175,AB,2015-12-28 02:44:37.687000
51.64758,-0.16545,Augusto,2015-12-28 02:44:37.688000
28.54357,77.21096,CJ,2015-12-28 02:44:37.688000
28.5187918,77.1561141,RG,2015-12-28 02:44:37.689000
,,tools,2015-12-28 02:44:37.689000
28.5119435,77.167222,rk,2015-12-28 02:44:37.689000
28.62977,77.23041,ASG,2015-12-28 02:44:51.340000
28.65631,77.23175,AB,2015-12-28 02:44:51.344000
51.64758,-0.16545,Augusto,2015-12-28 02:44:51.345000
28.54357,77.21096,CJ,2015-12-28 02:44:51.346000
28.5187918,77.1561141,RG,2015-12-28 02:44:51.346000
,,tools,2015-12-28 02:44:51.346000
28.5119435,77.167222,rk,2015-12-28 02:44:51.347000
28.62977,77.23041,ASG,2015-12-28 02:57:08.378000
28.65631,77.23175,AB,2015-12-28 02:57:08.382000
51.64758,-0.16545,Augusto,2015-12-28 02:57:08.382000
28.54357,77.21096,CJ,2015-12-28 02:57:08.383000
28.5187918,77.1561141,RG,2015-12-28 02:57:08.384000
,,tools,2015-12-28 02:57:08.384000
28.5119435,77.167222,rk,2015-12-28 02:57:08.385000
28.62977,77.23041,ASG,2015-12-28 02:58:13.571000
28.65631,77.23175,AB,2015-12-28 02:58:13.573000
51.64758,-0.16545,Augusto,2015-12-28 02:58:13.574000
28.54357,77.21096,CJ,2015-12-28 02:58:13.574000
28.5187918,77.1561141,RG,2015-12-28 02:58:13.576000
,,tools,2015-12-28 02:58:13.577000
28.5119435,77.167222,rk,2015-12-28 02:58:13.577000
28.6296351,77.2308247,ASGA,2015-12-28 02:58:13.579000
28.62977,77.23041,ASG,2015-12-28 02:58:35.264000
28.65631,77.23175,AB,2015-12-28 02:58:35.266000
51.64758,-0.16545,Augusto,2015-12-28 02:58:35.267000
28.54357,77.21096,CJ,2015-12-28 02:58:35.267000
28.5187918,77.1561141,RG,2015-12-28 02:58:35.267000
,,tools,2015-12-28 02:58:35.268000
28.5119435,77.167222,rk,2015-12-28 02:58:35.268000
28.6296351,77.2308247,ASGA,2015-12-28 02:58:35.269000
28.62977,77.23041,ASG,2015-12-28 03:00:44.092000
28.65631,77.23175,AB,2015-12-28 03:00:44.095000
51.64758,-0.16545,Augusto,2015-12-28 03:00:44.096000
28.54357,77.21096,CJ,2015-12-28 03:00:44.096000
28.5187918,77.1561141,RG,2015-12-28 03:00:44.097000
,,tools,2015-12-28 03:00:44.097000
28.5119435,77.167222,rk,2015-12-28 03:00:44.097000
28.6296351,77.2308247,ASGA,2015-12-28 03:00:44.099000
28.62977,77.23041,ASG,2015-12-28 03:02:07.770000
28.65631,77.23175,AB,2015-12-28 03:02:07.773000
51.64758,-0.16545,Augusto,2015-12-28 03:02:07.773000
28.54357,77.21096,CJ,2015-12-28 03:02:07.773000
28.5187918,77.1561141,RG,2015-12-28 03:02:07.773000
,,tools,2015-12-28 03:02:07.774000
28.5119435,77.167222,rk,2015-12-28 03:02:07.774000
28.6296351,77.2308247,ASGA,2015-12-28 03:02:07.775000
28.62977,77.23041,ASG,2015-12-28 03:11:37.122000
28.62977,77.23041,ASG,2015-12-28 03:13:18.887000
28.62977,77.23041,ASG,2015-12-28 03:13:47.192000
28.62977,77.23041,ASG,2015-12-28 03:19:56.478000
28.62977,77.23041,ASG,2015-12-28 03:20:57.303000
28.62977,77.23041,ASG,2015-12-28 03:21:26.771000
28.62977,77.23041,ASG,2015-12-28 03:22:00.661000
28.65631,77.23175,AB,2015-12-28 03:22:00.784000
51.64758,-0.16545,Augusto,2015-12-28 03:22:00.784000
28.54357,77.21096,CJ,2015-12-28 03:22:00.785000
28.5187918,77.1561141,RG,2015-12-28 03:22:00.785000
,,tools,2015-12-28 03:22:00.785000
28.5119435,77.167222,rk,2015-12-28 03:22:00.785000
28.6296351,77.2308247,ASGA,2015-12-28 03:22:00.865000
28.62977,77.23041,ASG,2015-12-28 03:22:47.250000
28.65631,77.23175,AB,2015-12-28 03:22:47.253000
51.64758,-0.16545,Augusto,2015-12-28 03:22:47.253000
28.54357,77.21096,CJ,2015-12-28 03:22:47.254000
28.5187918,77.1561141,RG,2015-12-28 03:22:47.254000
,,tools,2015-12-28 03:22:47.254000
28.5119435,77.167222,rk,2015-12-28 03:22:47.255000
28.6296351,77.2308247,ASGA,2015-12-28 03:22:47.257000
28.62977,77.23041,ASG,2015-12-28 15:21:24.875000
28.62977,77.23041,ASG,2015-12-28 15:25:29.670000
28.62977,77.23041,ASG,2015-12-28 15:26:03.814000
28.62977,77.23041,ASG,2015-12-28 15:26:35.568000
28.62977,77.23041,ASG,2015-12-28 15:28:27.197000
28.62977,77.23041,ASG,2015-12-28 15:33:14.647000
28.62977,77.23041,ASG,2015-12-28 15:34:26.301000
28.62977,77.23041,ASG,2015-12-28 15:34:40.860000
28.62977,77.23041,ASG,2015-12-28 15:35:50.464000
28.65631,77.23175,AB,2015-12-28 15:35:54.603000
51.64758,-0.16545,Augusto,2015-12-28 15:35:54.618000
28.54357,77.21096,CJ,2015-12-28 15:35:54.618000
28.5187918,77.1561141,RG,2015-12-28 15:35:54.618000
,,tools,2015-12-28 15:35:54.618000
28.5119435,77.167222,rk,2015-12-28 15:35:54.618000
28.6296351,77.2308247,ASGA,2015-12-28 15:35:57.911000
28.62977,77.23041,ASG,2015-12-28 15:49:11.036000
28.65631,77.23175,AB,2015-12-28 15:49:11.036000
51.64758,-0.16545,Augusto,2015-12-28 15:49:11.036000
28.54357,77.21096,CJ,2015-12-28 15:49:11.036000
28.5187918,77.1561141,RG,2015-12-28 15:49:11.036000
,,tools,2015-12-28 15:49:11.036000
28.5119435,77.167222,rk,2015-12-28 15:49:11.036000
28.6296351,77.2308247,ASGA,2015-12-28 15:49:11.052000
28.62977,77.23041,ASG,2015-12-28 17:38:50.783000
28.65631,77.23175,AB,2015-12-28 17:38:50.786000
51.64758,-0.16545,Augusto,2015-12-28 17:38:50.787000
28.54357,77.21096,CJ,2015-12-28 17:38:50.788000
28.5187918,77.1561141,RG,2015-12-28 17:38:50.788000
,,tools,2015-12-28 17:38:50.789000
28.5119672,77.1670723,rk,2015-12-28 17:38:50.789000
28.62977,77.23041,ASG,2015-12-28 17:40:35.413000
28.65631,77.23175,AB,2015-12-28 17:40:35.417000
51.64758,-0.16545,Augusto,2015-12-28 17:40:35.418000
28.54357,77.21096,CJ,2015-12-28 17:40:35.418000
28.5187918,77.1561141,RG,2015-12-28 17:40:35.419000
,,tools,2015-12-28 17:40:35.420000
28.5119649,77.1670786,rk,2015-12-28 17:40:35.420000
28.62977,77.23041,ASG,2015-12-28 17:46:54.305000
28.65631,77.23175,AB,2015-12-28 17:46:54.306000
51.64758,-0.16545,Augusto,2015-12-28 17:46:54.307000
28.54357,77.21096,CJ,2015-12-28 17:46:54.307000
28.5187918,77.1561141,RG,2015-12-28 17:46:54.307000
,,tools,2015-12-28 17:46:54.307000
28.5119749,77.1670744,rk,2015-12-28 17:46:54.307000
28.62977,77.23041,ASG,2015-12-28 17:56:24.240000
28.65631,77.23175,AB,2015-12-28 17:56:24.245000
51.64758,-0.16545,Augusto,2015-12-28 17:56:24.246000
28.54357,77.21096,CJ,2015-12-28 17:56:24.246000
28.5187918,77.1561141,RG,2015-12-28 17:56:24.247000
,,tools,2015-12-28 17:56:24.248000
28.5119682,77.167093,rk,2015-12-28 17:56:24.249000
28.62977,77.23041,ASG,2015-12-28 17:56:54.656000
28.65631,77.23175,AB,2015-12-28 17:56:54.657000
51.64758,-0.16545,Augusto,2015-12-28 17:56:54.657000
28.54357,77.21096,CJ,2015-12-28 17:56:54.657000
28.5187918,77.1561141,RG,2015-12-28 17:56:54.657000
,,tools,2015-12-28 17:56:54.657000
28.5119682,77.167093,rk,2015-12-28 17:56:54.657000
28.62977,77.23041,ASG,2015-12-28 17:57:17.554000
28.65631,77.23175,AB,2015-12-28 17:57:17.556000
51.64758,-0.16545,Augusto,2015-12-28 17:57:17.557000
28.54357,77.21096,CJ,2015-12-28 17:57:17.558000
28.5187918,77.1561141,RG,2015-12-28 17:57:17.558000
,,tools,2015-12-28 17:57:17.559000
28.5119682,77.167093,rk,2015-12-28 17:57:17.559000
28.62977,77.23041,ASG,2015-12-28 18:01:47.340000
28.65631,77.23175,AB,2015-12-28 18:01:47.342000
51.64758,-0.16545,Augusto,2015-12-28 18:01:47.342000
28.54357,77.21096,CJ,2015-12-28 18:01:47.342000
28.5187918,77.1561141,RG,2015-12-28 18:01:47.342000
,,tools,2015-12-28 18:01:47.343000
28.5119682,77.167093,rk,2015-12-28 18:01:47.343000
28.62977,77.23041,ASG,2015-12-28 23:14:15.963000
28.65631,77.23175,AB,2015-12-28 23:14:15.967000
51.64758,-0.16545,Augusto,2015-12-28 23:14:15.968000
28.54357,77.21096,CJ,2015-12-28 23:14:15.969000
28.5187918,77.1561141,RG,2015-12-28 23:14:15.970000
,,tools,2015-12-28 23:14:15.970000
28.5119313,77.1671595,rk,2015-12-28 23:14:15.971000
28.62977,77.23041,ASG,2015-12-28 23:15:11.286000
28.65631,77.23175,AB,2015-12-28 23:15:11.291000
51.64758,-0.16545,Augusto,2015-12-28 23:15:11.291000
28.54357,77.21096,CJ,2015-12-28 23:15:11.292000
28.5187918,77.1561141,RG,2015-12-28 23:15:11.293000
,,tools,2015-12-28 23:15:11.293000
28.5119313,77.1671595,rk,2015-12-28 23:15:11.294000
28.62977,77.23041,ASG,2015-12-28 23:17:18.128000
28.65631,77.23175,AB,2015-12-28 23:17:18.131000
51.64758,-0.16545,Augusto,2015-12-28 23:17:18.131000
28.54357,77.21096,CJ,2015-12-28 23:17:18.132000
28.5187918,77.1561141,RG,2015-12-28 23:17:18.133000
,,tools,2015-12-28 23:17:18.133000
28.5119313,77.1671595,rk,2015-12-28 23:17:18.134000
28.62977,77.23041,ASG,2015-12-28 23:17:47.196000
28.65631,77.23175,AB,2015-12-28 23:17:47.198000
51.64758,-0.16545,Augusto,2015-12-28 23:17:47.199000
28.54357,77.21096,CJ,2015-12-28 23:17:47.200000
28.5187918,77.1561141,RG,2015-12-28 23:17:47.200000
,,tools,2015-12-28 23:17:47.201000
28.5119313,77.1671595,rk,2015-12-28 23:17:47.202000
28.62977,77.23041,ASG,2015-12-28 23:18:16.282000
28.65631,77.23175,AB,2015-12-28 23:18:16.283000
51.64758,-0.16545,Augusto,2015-12-28 23:18:16.284000
28.54357,77.21096,CJ,2015-12-28 23:18:16.285000
28.5187918,77.1561141,RG,2015-12-28 23:18:16.285000
,,tools,2015-12-28 23:18:16.286000
28.5119313,77.1671595,rk,2015-12-28 23:18:16.287000
28.62977,77.23041,ASG,2015-12-28 23:23:31.710000
28.65631,77.23175,AB,2015-12-28 23:23:31.740000
51.64758,-0.16545,Augusto,2015-12-28 23:23:31.741000
28.54357,77.21096,CJ,2015-12-28 23:23:31.742000
28.5187918,77.1561141,RG,2015-12-28 23:23:31.743000
,,tools,2015-12-28 23:23:31.744000
28.5118102,77.1668481,rk,2015-12-28 23:23:31.744000
28.62977,77.23041,ASG,2015-12-28 23:24:01.595000
28.65631,77.23175,AB,2015-12-28 23:24:01.596000
51.64758,-0.16545,Augusto,2015-12-28 23:24:01.597000
28.54357,77.21096,CJ,2015-12-28 23:24:01.597000
28.5187918,77.1561141,RG,2015-12-28 23:24:01.598000
,,tools,2015-12-28 23:24:01.598000
28.5118102,77.1668481,rk,2015-12-28 23:24:01.599000
28.62977,77.23041,ASG,2015-12-28 23:27:11.732000
28.65631,77.23175,AB,2015-12-28 23:27:11.736000
51.64758,-0.16545,Augusto,2015-12-28 23:27:11.737000
28.54357,77.21096,CJ,2015-12-28 23:27:11.737000
28.5187918,77.1561141,RG,2015-12-28 23:27:11.738000
,,tools,2015-12-28 23:27:11.739000
28.5118102,77.1668481,rk,2015-12-28 23:27:11.739000
28.6296351,77.2308247,ASGA,2015-12-28 23:27:19.340000
28.62977,77.23041,ASG,2015-12-28 23:27:32.247000
28.65631,77.23175,AB,2015-12-28 23:27:32.249000
51.64758,-0.16545,Augusto,2015-12-28 23:27:32.249000
28.54357,77.21096,CJ,2015-12-28 23:27:32.250000
28.5187918,77.1561141,RG,2015-12-28 23:27:32.250000
,,tools,2015-12-28 23:27:32.251000
28.5118102,77.1668481,rk,2015-12-28 23:27:32.252000
28.6296351,77.2308247,ASGA,2015-12-28 23:27:39.202000
28.62977,77.23041,ASG,2015-12-29 01:00:12.571000
28.65631,77.23175,AB,2015-12-29 01:00:12.618000
51.64758,-0.16545,Augusto,2015-12-29 01:00:12.629000
28.54357,77.21096,CJ,2015-12-29 01:00:12.630000
28.5187918,77.1561141,RG,2015-12-29 01:00:12.631000
,,tools,2015-12-29 01:00:12.632000
28.5119849,77.1670518,rk,2015-12-29 01:00:12.633000
28.6296351,77.2308247,ASGA,2015-12-29 01:00:12.633000
28.62977,77.23041,ASG,2015-12-29 01:01:19.401000
28.65631,77.23175,AB,2015-12-29 01:01:19.405000
51.64758,-0.16545,Augusto,2015-12-29 01:01:19.406000
28.54357,77.21096,CJ,2015-12-29 01:01:19.407000
28.5187918,77.1561141,RG,2015-12-29 01:01:19.407000
,,tools,2015-12-29 01:01:19.408000
28.5119849,77.1670518,rk,2015-12-29 01:01:19.409000
28.6296351,77.2308247,ASGA,2015-12-29 01:01:19.409000
28.62977,77.23041,ASG,2015-12-29 01:01:32.266000
28.65631,77.23175,AB,2015-12-29 01:01:32.267000
51.64758,-0.16545,Augusto,2015-12-29 01:01:32.268000
28.54357,77.21096,CJ,2015-12-29 01:01:32.269000
28.5187918,77.1561141,RG,2015-12-29 01:01:32.270000
,,tools,2015-12-29 01:01:32.270000
28.5119849,77.1670518,rk,2015-12-29 01:01:32.271000
28.6296351,77.2308247,ASGA,2015-12-29 01:01:32.271000
28.62977,77.23041,ASG,2015-12-29 01:01:47.113000
28.65631,77.23175,AB,2015-12-29 01:01:47.115000
51.64758,-0.16545,Augusto,2015-12-29 01:01:47.115000
28.54357,77.21096,CJ,2015-12-29 01:01:47.115000
28.5187918,77.1561141,RG,2015-12-29 01:01:47.116000
,,tools,2015-12-29 01:01:47.116000
28.5119849,77.1670518,rk,2015-12-29 01:01:47.116000
28.6296351,77.2308247,ASGA,2015-12-29 01:01:54.432000
28.62977,77.23041,ASG,2015-12-29 01:02:07.541000
28.65631,77.23175,AB,2015-12-29 01:02:07.542000
51.64758,-0.16545,Augusto,2015-12-29 01:02:07.543000
28.54357,77.21096,CJ,2015-12-29 01:02:07.544000
28.5187918,77.1561141,RG,2015-12-29 01:02:07.545000
,,tools,2015-12-29 01:02:07.545000
28.5119849,77.1670518,rk,2015-12-29 01:02:07.545000
28.62977,77.23041,ASG,2015-12-29 01:17:28.434000
28.62977,77.23041,ASG,2015-12-29 01:17:52.995000
28.62977,77.23041,ASG,2015-12-29 01:18:11.186000
28.62977,77.23041,ASG,2015-12-29 01:18:43.786000
28.62977,77.23041,ASG,2015-12-29 01:19:03.828000
28.62977,77.23041,ASG,2015-12-29 01:20:43.969000
28.65631,77.23175,AB,2015-12-29 01:20:44.145000
51.64758,-0.16545,Augusto,2015-12-29 01:20:44.147000
28.54357,77.21096,CJ,2015-12-29 01:20:44.147000
28.5187918,77.1561141,RG,2015-12-29 01:20:44.147000
,,tools,2015-12-29 01:20:44.148000
28.5119849,77.1670518,rk,2015-12-29 01:20:44.148000
28.6296351,77.2308247,ASGA,2015-12-29 01:20:44.379000
28.62977,77.23041,ASG,2015-12-29 01:20:57.132000
28.65631,77.23175,AB,2015-12-29 01:21:10.813000
51.64758,-0.16545,Augusto,2015-12-29 01:21:10.813000
28.54357,77.21096,CJ,2015-12-29 01:21:10.813000
28.5187918,77.1561141,RG,2015-12-29 01:21:10.814000
,,tools,2015-12-29 01:21:10.814000
28.5119849,77.1670518,rk,2015-12-29 01:21:10.814000
28.6296351,77.2308247,ASGA,2015-12-29 01:21:11.107000
28.62977,77.23041,ASG,2015-12-29 01:21:54.649000
28.62977,77.23041,ASG,2015-12-29 01:22:08.825000
28.62977,77.23041,ASG,2015-12-29 01:24:26.145000
28.62977,77.23041,ASG,2015-12-29 01:25:02.285000
28.65631,77.23175,AB,2015-12-29 01:25:02.475000
51.64758,-0.16545,Augusto,2015-12-29 01:25:02.485000
28.54357,77.21096,CJ,2015-12-29 01:25:02.485000
28.5187918,77.1561141,RG,2015-12-29 01:25:02.485000
,,tools,2015-12-29 01:25:02.485000
28.5119849,77.1670518,rk,2015-12-29 01:25:02.485000
28.6296351,77.2308247,ASGA,2015-12-29 01:25:02.685000
28.62977,77.23041,ASG,2015-12-29 01:30:42.918000
28.62977,77.23041,ASG,2015-12-29 01:31:07.299000
28.65631,77.23175,AB,2015-12-29 01:31:07.309000
51.64758,-0.16545,Augusto,2015-12-29 01:31:07.309000
28.54357,77.21096,CJ,2015-12-29 01:31:07.309000
28.5187918,77.1561141,RG,2015-12-29 01:31:07.309000
,,tools,2015-12-29 01:31:07.309000
28.5119849,77.1670518,rk,2015-12-29 01:31:07.309000
28.62977,77.23041,ASG,2015-12-29 01:41:48.830000
28.62977,77.23041,ASG,2015-12-29 01:42:15.213000
28.62977,77.23041,ASG,2015-12-29 01:42:39.982000
28.62977,77.23041,ASG,2015-12-29 01:44:11.615000
28.65631,77.23175,AB,2015-12-29 01:44:11.620000
51.64758,-0.16545,Augusto,2015-12-29 01:44:11.621000
28.54357,77.21096,CJ,2015-12-29 01:44:11.622000
28.5187918,77.1561141,RG,2015-12-29 01:44:11.623000
,,tools,2015-12-29 01:44:11.623000
28.5119849,77.1670518,rk,2015-12-29 01:44:11.624000
28.6296351,77.2308247,ASGA,2015-12-29 01:44:19.189000
28.62977,77.23041,ASG,2015-12-29 01:44:32.069000
28.65631,77.23175,AB,2015-12-29 01:44:32.072000
51.64758,-0.16545,Augusto,2015-12-29 01:44:32.073000
28.54357,77.21096,CJ,2015-12-29 01:44:32.074000
28.5187918,77.1561141,RG,2015-12-29 01:44:32.075000
,,tools,2015-12-29 01:44:32.077000
28.5119849,77.1670518,rk,2015-12-29 01:44:32.078000
28.62977,77.23041,ASG,2015-12-29 01:45:59.794000
28.65631,77.23175,AB,2015-12-29 01:45:59.798000
51.64758,-0.16545,Augusto,2015-12-29 01:45:59.800000
28.54357,77.21096,CJ,2015-12-29 01:45:59.801000
28.5187918,77.1561141,RG,2015-12-29 01:45:59.802000
,,tools,2015-12-29 01:45:59.803000
28.5119849,77.1670518,rk,2015-12-29 01:45:59.804000
28.62977,77.23041,ASG,2015-12-29 01:46:22.757000
28.65631,77.23175,AB,2015-12-29 01:46:22.758000
51.64758,-0.16545,Augusto,2015-12-29 01:46:22.760000
28.54357,77.21096,CJ,2015-12-29 01:46:22.762000
28.5187918,77.1561141,RG,2015-12-29 01:46:22.763000
,,tools,2015-12-29 01:46:22.764000
28.5118118,77.1668612,rk,2015-12-29 01:46:22.765000
28.62977,77.23041,ASG,2015-12-29 01:52:47.789000
28.65631,77.23175,AB,2015-12-29 01:52:47.793000
51.64758,-0.16545,Augusto,2015-12-29 01:52:47.794000
28.54357,77.21096,CJ,2015-12-29 01:52:47.795000
28.5187918,77.1561141,RG,2015-12-29 01:52:47.797000
,,tools,2015-12-29 01:52:47.798000
28.5118445,77.1668322,rk,2015-12-29 01:52:47.799000
28.62977,77.23041,ASG,2015-12-29 01:54:35.140000
28.65631,77.23175,AB,2015-12-29 01:54:35.143000
51.64758,-0.16545,Augusto,2015-12-29 01:54:35.144000
28.54357,77.21096,CJ,2015-12-29 01:54:35.145000
28.5187918,77.1561141,RG,2015-12-29 01:54:35.147000
,,tools,2015-12-29 01:54:35.149000
28.5118865,77.1670603,rk,2015-12-29 01:54:35.150000
28.62977,77.23041,ASG,2015-12-29 01:56:49.564000
28.65631,77.23175,AB,2015-12-29 01:56:49.568000
51.64758,-0.16545,Augusto,2015-12-29 01:56:49.569000
28.54357,77.21096,CJ,2015-12-29 01:56:49.570000
28.5187918,77.1561141,RG,2015-12-29 01:56:49.571000
,,tools,2015-12-29 01:56:49.572000
28.5118865,77.1670603,rk,2015-12-29 01:56:49.573000
28.6296351,77.2308247,ASGA,2015-12-29 01:56:55.735000
28.62977,77.23041,ASG,2015-12-29 01:57:08.390000
28.65631,77.23175,AB,2015-12-29 01:57:08.392000
51.64758,-0.16545,Augusto,2015-12-29 01:57:08.393000
28.54357,77.21096,CJ,2015-12-29 01:57:08.394000
28.5187918,77.1561141,RG,2015-12-29 01:57:08.396000
,,tools,2015-12-29 01:57:08.397000
28.5118865,77.1670603,rk,2015-12-29 01:57:08.398000
28.62977,77.23041,ASG,2015-12-29 04:00:15.245000
28.65631,77.23175,AB,2015-12-29 04:00:15.260000
51.64758,-0.16545,Augusto,2015-12-29 04:00:15.260000
28.54357,77.21096,CJ,2015-12-29 04:00:15.260000
28.5187918,77.1561141,RG,2015-12-29 04:00:15.260000
,,tools,2015-12-29 04:00:15.260000
28.5119599,77.1670714,rk,2015-12-29 04:00:15.260000
28.62977,77.23041,ASG,2015-12-29 04:01:25.717000
28.65631,77.23175,AB,2015-12-29 04:01:25.717000
51.64758,-0.16545,Augusto,2015-12-29 04:01:25.717000
28.54357,77.21096,CJ,2015-12-29 04:01:25.732000
28.5187918,77.1561141,RG,2015-12-29 04:01:25.732000
,,tools,2015-12-29 04:01:25.732000
28.5119599,77.1670714,rk,2015-12-29 04:01:25.732000
28.62977,77.23041,ASG,2015-12-29 04:01:49.115000
28.65631,77.23175,AB,2015-12-29 04:01:49.115000
51.64758,-0.16545,Augusto,2015-12-29 04:01:49.115000
28.54357,77.21096,CJ,2015-12-29 04:01:49.115000
28.5187918,77.1561141,RG,2015-12-29 04:01:49.115000
,,tools,2015-12-29 04:01:49.115000
28.5119599,77.1670714,rk,2015-12-29 04:01:49.115000
28.62977,77.23041,ASG,2015-12-29 04:19:43.382000
28.65631,77.23175,AB,2015-12-29 04:19:43.382000
51.64758,-0.16545,Augusto,2015-12-29 04:19:43.382000
28.54357,77.21096,CJ,2015-12-29 04:19:43.382000
28.5187918,77.1561141,RG,2015-12-29 04:19:43.382000
,,tools,2015-12-29 04:19:43.382000
28.5118573,77.1668061,rk,2015-12-29 04:19:43.382000
28.62977,77.23041,ASG,2015-12-29 04:20:24.841000
28.62977,77.23041,ASG,2015-12-29 04:22:30.216000
28.62977,77.23041,ASG,2015-12-29 04:22:57.863000
28.65631,77.23175,AB,2015-12-29 04:22:57.863000
51.64758,-0.16545,Augusto,2015-12-29 04:22:57.879000
28.54357,77.21096,CJ,2015-12-29 04:22:57.879000
28.5187918,77.1561141,RG,2015-12-29 04:22:57.879000
,,tools,2015-12-29 04:22:57.879000
28.5119538,77.1670848,rk,2015-12-29 04:22:57.879000
28.62977,77.23041,ASG,2015-12-29 12:19:30.514000
28.65631,77.23175,AB,2015-12-29 12:19:30.557000
51.64758,-0.16545,Augusto,2015-12-29 12:19:30.558000
28.54357,77.21096,CJ,2015-12-29 12:19:30.559000
28.5187918,77.1561141,RG,2015-12-29 12:19:30.560000
,,tools,2015-12-29 12:19:30.561000
28.5119593,77.1668841,rk,2015-12-29 12:19:30.562000
28.62977,77.23041,ASG,2015-12-29 12:22:53.088000
28.65631,77.23175,AB,2015-12-29 12:22:53.092000
51.64758,-0.16545,Augusto,2015-12-29 12:22:53.093000
28.54357,77.21096,CJ,2015-12-29 12:22:53.093000
28.5187918,77.1561141,RG,2015-12-29 12:22:53.094000
,,tools,2015-12-29 12:22:53.094000
28.5119593,77.1668841,rk,2015-12-29 12:22:53.095000
28.6296351,77.2308247,ASGA,2015-12-29 12:22:59.283000
28.62977,77.23041,ASG,2015-12-29 12:23:11.829000
28.65631,77.23175,AB,2015-12-29 12:23:11.831000
51.64758,-0.16545,Augusto,2015-12-29 12:23:11.832000
28.54357,77.21096,CJ,2015-12-29 12:23:11.834000
28.5187918,77.1561141,RG,2015-12-29 12:23:11.835000
,,tools,2015-12-29 12:23:11.836000
28.5119593,77.1668841,rk,2015-12-29 12:23:11.837000
28.6296351,77.2308247,ASGA,2015-12-29 12:23:11.839000
28.62977,77.23041,ASG,2015-12-29 12:23:24.459000
28.65631,77.23175,AB,2015-12-29 12:23:24.460000
51.64758,-0.16545,Augusto,2015-12-29 12:23:24.461000
28.54357,77.21096,CJ,2015-12-29 12:23:24.462000
28.5187918,77.1561141,RG,2015-12-29 12:23:24.464000
,,tools,2015-12-29 12:23:24.465000
28.5119593,77.1668841,rk,2015-12-29 12:23:24.466000
28.6296351,77.2308247,ASGA,2015-12-29 12:23:24.470000
28.62977,77.23041,ASG,2015-12-29 12:23:37.031000
28.65631,77.23175,AB,2015-12-29 12:23:37.034000
51.64758,-0.16545,Augusto,2015-12-29 12:23:37.035000
28.54357,77.21096,CJ,2015-12-29 12:23:37.037000
28.5187918,77.1561141,RG,2015-12-29 12:23:37.038000
,,tools,2015-12-29 12:23:37.039000
28.5119593,77.1668841,rk,2015-12-29 12:23:37.040000
28.6296351,77.2308247,ASGA,2015-12-29 12:23:37.042000
28.62977,77.23041,ASG,2015-12-29 12:23:49.682000
28.65631,77.23175,AB,2015-12-29 12:23:49.685000
51.64758,-0.16545,Augusto,2015-12-29 12:23:49.686000
28.54357,77.21096,CJ,2015-12-29 12:23:49.687000
28.5187918,77.1561141,RG,2015-12-29 12:23:49.689000
,,tools,2015-12-29 12:23:49.690000
28.5119593,77.1668841,rk,2015-12-29 12:23:49.691000
28.6296351,77.2308247,ASGA,2015-12-29 12:23:49.694000
28.62977,77.23041,ASG,2015-12-29 12:24:02.552000
28.65631,77.23175,AB,2015-12-29 12:24:02.555000
51.64758,-0.16545,Augusto,2015-12-29 12:24:02.556000
28.54357,77.21096,CJ,2015-12-29 12:24:02.557000
28.5187918,77.1561141,RG,2015-12-29 12:24:02.558000
,,tools,2015-12-29 12:24:02.559000
28.5119593,77.1668841,rk,2015-12-29 12:24:02.560000
28.6296351,77.2308247,ASGA,2015-12-29 12:24:02.563000
28.62977,77.23041,ASG,2015-12-29 12:24:15.172000
28.65631,77.23175,AB,2015-12-29 12:24:15.175000
51.64758,-0.16545,Augusto,2015-12-29 12:24:15.176000
28.54357,77.21096,CJ,2015-12-29 12:24:15.177000
28.5187918,77.1561141,RG,2015-12-29 12:24:15.178000
,,tools,2015-12-29 12:24:15.179000
28.5119593,77.1668841,rk,2015-12-29 12:24:15.181000
28.6296351,77.2308247,ASGA,2015-12-29 12:24:15.186000
28.62977,77.23041,ASG,2015-12-29 12:24:27.879000
28.65631,77.23175,AB,2015-12-29 12:24:27.880000
51.64758,-0.16545,Augusto,2015-12-29 12:24:27.883000
28.54357,77.21096,CJ,2015-12-29 12:24:27.884000
28.5187918,77.1561141,RG,2015-12-29 12:24:27.885000
,,tools,2015-12-29 12:24:27.886000
28.5119593,77.1668841,rk,2015-12-29 12:24:27.887000
28.6296351,77.2308247,ASGA,2015-12-29 12:24:27.890000
28.62977,77.23041,ASG,2015-12-29 12:24:40.566000
28.65631,77.23175,AB,2015-12-29 12:24:40.569000
51.64758,-0.16545,Augusto,2015-12-29 12:24:40.570000
28.54357,77.21096,CJ,2015-12-29 12:24:40.571000
28.5187918,77.1561141,RG,2015-12-29 12:24:40.572000
,,tools,2015-12-29 12:24:40.574000
28.5119593,77.1668841,rk,2015-12-29 12:24:40.574000
28.6296351,77.2308247,ASGA,2015-12-29 12:24:40.576000
28.62977,77.23041,ASG,2015-12-29 12:24:53.288000
28.65631,77.23175,AB,2015-12-29 12:24:53.288000
51.64758,-0.16545,Augusto,2015-12-29 12:24:53.289000
28.54357,77.21096,CJ,2015-12-29 12:24:53.289000
28.5187918,77.1561141,RG,2015-12-29 12:24:53.290000
,,tools,2015-12-29 12:24:53.290000
28.5119593,77.1668841,rk,2015-12-29 12:24:53.291000
28.6296351,77.2308247,ASGA,2015-12-29 12:24:53.296000
28.62977,77.23041,ASG,2015-12-29 12:25:06.294000
28.65631,77.23175,AB,2015-12-29 12:25:06.295000
51.64758,-0.16545,Augusto,2015-12-29 12:25:06.295000
28.54357,77.21096,CJ,2015-12-29 12:25:06.296000
28.5187918,77.1561141,RG,2015-12-29 12:25:06.297000
,,tools,2015-12-29 12:25:06.298000
28.5118621,77.1669553,rk,2015-12-29 12:25:06.299000
28.6296351,77.2308247,ASGA,2015-12-29 12:25:06.303000
28.62977,77.23041,ASG,2015-12-29 16:57:50.727000
28.65631,77.23175,AB,2015-12-29 16:57:50.824000
51.64758,-0.16545,Augusto,2015-12-29 16:57:50.843000
28.54357,77.21096,CJ,2015-12-29 16:57:50.844000
28.5187918,77.1561141,RG,2015-12-29 16:57:50.845000
,,tools,2015-12-29 16:57:50.859000
28.5120106,77.1672221,rk,2015-12-29 16:57:50.860000
28.6296351,77.2308247,ASGA,2015-12-29 16:57:58.173000
28.62977,77.23041,ASG,2015-12-29 16:58:10.904000
28.65631,77.23175,AB,2015-12-29 16:58:10.905000
51.64758,-0.16545,Augusto,2015-12-29 16:58:10.906000
28.54357,77.21096,CJ,2015-12-29 16:58:10.906000
28.5187918,77.1561141,RG,2015-12-29 16:58:10.907000
,,tools,2015-12-29 16:58:10.907000
28.5120115,77.167212,rk,2015-12-29 16:58:10.907000
28.6296351,77.2308247,ASGA,2015-12-29 16:58:10.909000
28.62977,77.23041,ASG,2015-12-29 16:58:23.586000
28.65631,77.23175,AB,2015-12-29 16:58:23.588000
51.64758,-0.16545,Augusto,2015-12-29 16:58:23.589000
28.54357,77.21096,CJ,2015-12-29 16:58:23.591000
28.5187918,77.1561141,RG,2015-12-29 16:58:23.592000
,,tools,2015-12-29 16:58:23.593000
28.5120115,77.167212,rk,2015-12-29 16:58:23.613000
28.6296351,77.2308247,ASGA,2015-12-29 16:58:23.617000
28.62977,77.23041,ASG,2015-12-29 16:58:36.210000
28.65631,77.23175,AB,2015-12-29 16:58:36.213000
51.64758,-0.16545,Augusto,2015-12-29 16:58:36.214000
28.54357,77.21096,CJ,2015-12-29 16:58:36.215000
28.5187918,77.1561141,RG,2015-12-29 16:58:36.216000
,,tools,2015-12-29 16:58:36.217000
28.5120115,77.167212,rk,2015-12-29 16:58:36.218000
28.6296351,77.2308247,ASGA,2015-12-29 16:58:36.221000
28.62977,77.23041,ASG,2015-12-29 16:58:48.925000
28.65631,77.23175,AB,2015-12-29 16:58:48.928000
51.64758,-0.16545,Augusto,2015-12-29 16:58:48.929000
28.54357,77.21096,CJ,2015-12-29 16:58:48.930000
28.5187918,77.1561141,RG,2015-12-29 16:58:48.931000
,,tools,2015-12-29 16:58:48.932000
28.5120115,77.167212,rk,2015-12-29 16:58:48.933000
28.6296351,77.2308247,ASGA,2015-12-29 16:58:48.937000
28.62977,77.23041,ASG,2015-12-29 16:59:01.785000
28.65631,77.23175,AB,2015-12-29 16:59:01.787000
51.64758,-0.16545,Augusto,2015-12-29 16:59:01.788000
28.54357,77.21096,CJ,2015-12-29 16:59:01.789000
28.5187918,77.1561141,RG,2015-12-29 16:59:01.790000
,,tools,2015-12-29 16:59:01.791000
28.5120115,77.167212,rk,2015-12-29 16:59:01.792000
28.6296351,77.2308247,ASGA,2015-12-29 16:59:01.796000
28.62977,77.23041,ASG,2015-12-29 16:59:14.655000
28.65631,77.23175,AB,2015-12-29 16:59:14.658000
51.64758,-0.16545,Augusto,2015-12-29 16:59:14.659000
28.54357,77.21096,CJ,2015-12-29 16:59:14.660000
28.5187918,77.1561141,RG,2015-12-29 16:59:14.661000
,,tools,2015-12-29 16:59:14.662000
28.5120115,77.167212,rk,2015-12-29 16:59:14.663000
28.6296351,77.2308247,ASGA,2015-12-29 16:59:14.666000
28.62977,77.23041,ASG,2015-12-29 16:59:27.275000
28.65631,77.23175,AB,2015-12-29 16:59:27.277000
51.64758,-0.16545,Augusto,2015-12-29 16:59:27.278000
28.54357,77.21096,CJ,2015-12-29 16:59:27.280000
28.5187918,77.1561141,RG,2015-12-29 16:59:27.281000
,,tools,2015-12-29 16:59:27.282000
28.5120115,77.167212,rk,2015-12-29 16:59:27.283000
28.6296351,77.2308247,ASGA,2015-12-29 16:59:27.286000
28.62977,77.23041,ASG,2015-12-29 16:59:40.026000
28.65631,77.23175,AB,2015-12-29 16:59:40.029000
51.64758,-0.16545,Augusto,2015-12-29 16:59:40.029000
28.54357,77.21096,CJ,2015-12-29 16:59:40.030000
28.5187918,77.1561141,RG,2015-12-29 16:59:40.030000
,,tools,2015-12-29 16:59:40.031000
28.5120115,77.167212,rk,2015-12-29 16:59:40.033000
28.6296351,77.2308247,ASGA,2015-12-29 16:59:40.036000
28.62977,77.23041,ASG,2015-12-29 16:59:52.803000
28.65631,77.23175,AB,2015-12-29 16:59:52.804000
51.64758,-0.16545,Augusto,2015-12-29 16:59:52.804000
28.54357,77.21096,CJ,2015-12-29 16:59:52.804000
28.5187918,77.1561141,RG,2015-12-29 16:59:52.805000
,,tools,2015-12-29 16:59:52.805000
28.5120115,77.167212,rk,2015-12-29 16:59:52.805000
28.6296351,77.2308247,ASGA,2015-12-29 16:59:52.806000
28.62977,77.23041,ASG,2015-12-29 17:00:05.631000
28.65631,77.23175,AB,2015-12-29 17:00:05.634000
51.64758,-0.16545,Augusto,2015-12-29 17:00:05.635000
28.54357,77.21096,CJ,2015-12-29 17:00:05.636000
28.5187918,77.1561141,RG,2015-12-29 17:00:05.659000
,,tools,2015-12-29 17:00:05.660000
28.5120115,77.167212,rk,2015-12-29 17:00:05.661000
28.6296351,77.2308247,ASGA,2015-12-29 17:00:05.664000
,,ASG,2015-12-30 16:46:49.184000
,,AB,2015-12-30 16:46:49.185000
,,Augusto,2015-12-30 16:46:49.186000
28.54357,77.21096,CJ,2015-12-30 16:46:49.186000
28.5187918,77.1561141,RG,2015-12-30 16:46:49.186000
,,tools,2015-12-30 16:46:49.186000
28.5118616,77.1668407,rk,2015-12-30 16:46:49.187000
,,ASGA,2015-12-30 16:46:49.187000
,,ASG,2015-12-30 17:59:07.309000
,,ASG,2015-12-30 18:00:25.879000
,,ASG,2015-12-30 18:01:02.192000
,,ASG,2015-12-30 18:02:47.792000
,,AB,2015-12-30 18:02:47.792000
,,Augusto,2015-12-30 18:02:47.792000
28.54357,77.21096,CJ,2015-12-30 18:02:47.792000
28.5187918,77.1561141,RG,2015-12-30 18:02:47.792000
,,tools,2015-12-30 18:02:47.792000
28.511825,77.1668821,rk,2015-12-30 18:02:47.792000
,,ASG,2015-12-30 18:04:15.940000
,,AB,2015-12-30 18:04:15.940000
,,Augusto,2015-12-30 18:04:15.940000
28.54357,77.21096,CJ,2015-12-30 18:04:15.940000
28.5187918,77.1561141,RG,2015-12-30 18:04:15.940000
,,tools,2015-12-30 18:04:15.940000
28.5119584,77.1671278,rk,2015-12-30 18:04:15.940000
,,ASGA,2015-12-30 18:04:22.747000
,,ASG,2015-12-30 18:06:26.267000
28.65631,77.23175,AB,2015-12-30 18:06:26.267000
51.64758,-0.16545,Augusto,2015-12-30 18:06:26.267000
28.54357,77.21096,CJ,2015-12-30 18:06:26.267000
28.5187918,77.1561141,RG,2015-12-30 18:06:26.267000
,,tools,2015-12-30 18:06:26.267000
28.5119584,77.1671278,rk,2015-12-30 18:06:26.267000
28.6296351,77.2308247,ASGA,2015-12-30 18:06:26.267000
,,ASG,2015-12-31 14:06:10.702000
,,ASG,2015-12-31 14:06:56.382000
,,ASG,2015-12-31 14:07:19.112000
,,ASG,2015-12-31 14:07:34.648000
,,ASG,2015-12-31 14:07:57.405000
,,ASG,2015-12-31 14:08:13.984000
,,ASG,2015-12-31 14:23:27.360000
,,ASG,2015-12-31 14:24:35.717000
,,AB,2015-12-31 14:24:35.722000
,,Augusto,2015-12-31 14:24:35.725000
28.54357,77.21096,CJ,2015-12-31 14:24:35.729000
28.5187918,77.1561141,RG,2015-12-31 14:24:35.732000
,,tools,2015-12-31 14:24:35.736000
28.5120728,77.1670094,rk,2015-12-31 14:24:35.738000
,,ASG,2015-12-31 14:25:09.844000
,,AB,2015-12-31 14:25:09.848000
,,Augusto,2015-12-31 14:25:09.851000
28.54357,77.21096,CJ,2015-12-31 14:25:09.855000
28.5187918,77.1561141,RG,2015-12-31 14:25:09.858000
,,tools,2015-12-31 14:25:09.868000
28.5120728,77.1670094,rk,2015-12-31 14:25:09.872000
,,ASG,2015-12-31 14:26:32.291000
,,AB,2015-12-31 14:26:32.297000
,,Augusto,2015-12-31 14:26:32.300000
28.54357,77.21096,CJ,2015-12-31 14:26:32.303000
28.5187918,77.1561141,RG,2015-12-31 14:26:32.306000
,,tools,2015-12-31 14:26:32.310000
28.5120728,77.1670094,rk,2015-12-31 14:26:32.313000
,,ASGA,2015-12-31 14:26:32.347000
,,ASG,2015-12-31 14:27:34.032000
,,AB,2015-12-31 14:27:34.035000
,,Augusto,2015-12-31 14:27:34.038000
28.54357,77.21096,CJ,2015-12-31 14:27:34.041000
28.5187918,77.1561141,RG,2015-12-31 14:27:34.045000
,,tools,2015-12-31 14:27:34.051000
28.5120725,77.1670192,rk,2015-12-31 14:27:34.054000
,,ASGA,2015-12-31 14:27:34.066000
,,ASG,2015-12-31 14:32:28.385000
,,AB,2015-12-31 14:32:28.388000
,,Augusto,2015-12-31 14:32:28.392000
28.54357,77.21096,CJ,2015-12-31 14:32:28.396000
28.5187918,77.1561141,RG,2015-12-31 14:32:28.398000
,,tools,2015-12-31 14:32:28.403000
28.5120537,77.1671827,rk,2015-12-31 14:32:28.404000
,,ASGA,2015-12-31 14:32:30.158000
,,ASG,2015-12-31 14:34:33.125000
,,AB,2015-12-31 14:34:33.128000
,,Augusto,2015-12-31 14:34:33.129000
28.54357,77.21096,CJ,2015-12-31 14:34:33.130000
28.5187918,77.1561141,RG,2015-12-31 14:34:33.132000
,,tools,2015-12-31 14:34:33.133000
28.5120537,77.1671827,rk,2015-12-31 14:34:33.134000
,,ASG,2015-12-31 14:36:38.140000
,,AB,2015-12-31 14:36:38.145000
,,Augusto,2015-12-31 14:36:38.146000
28.54357,77.21096,CJ,2015-12-31 14:36:38.148000
28.5187918,77.1561141,RG,2015-12-31 14:36:38.148000
,,tools,2015-12-31 14:36:38.150000
28.5120583,77.1671883,rk,2015-12-31 14:36:38.151000
,,ASG,2015-12-31 16:07:22.657000
,,AB,2015-12-31 16:07:22.660000
,,Augusto,2015-12-31 16:07:22.661000
28.54357,77.21096,CJ,2015-12-31 16:07:22.662000
28.5187918,77.1561141,RG,2015-12-31 16:07:22.664000
,,tools,2015-12-31 16:07:22.665000
28.5120204,77.167301,rk,2015-12-31 16:07:22.667000
,,ASG,2015-12-31 16:10:48.879000
,,AB,2015-12-31 16:10:48.881000
,,Augusto,2015-12-31 16:10:48.882000
28.54357,77.21096,CJ,2015-12-31 16:10:48.882000
28.5187918,77.1561141,RG,2015-12-31 16:10:48.883000
,,tools,2015-12-31 16:10:48.884000
28.5120189,77.1673047,rk,2015-12-31 16:10:48.933000
,,ASGA,2015-12-31 16:10:56.537000
,,ASG,2015-12-31 16:12:59.334000
28.65631,77.23175,AB,2015-12-31 16:12:59.337000
51.64758,-0.16545,Augusto,2015-12-31 16:12:59.338000
28.54357,77.21096,CJ,2015-12-31 16:12:59.339000
28.5187918,77.1561141,RG,2015-12-31 16:12:59.340000
,,tools,2015-12-31 16:12:59.341000
28.5120206,77.1672994,rk,2015-12-31 16:12:59.343000
,,ASG,2015-12-31 16:13:21.922000
28.65631,77.23175,AB,2015-12-31 16:13:21.923000
51.64758,-0.16545,Augusto,2015-12-31 16:13:21.924000
28.54357,77.21096,CJ,2015-12-31 16:13:21.924000
28.5187918,77.1561141,RG,2015-12-31 16:13:21.926000
,,tools,2015-12-31 16:13:21.926000
28.5120206,77.1672994,rk,2015-12-31 16:13:21.926000
,,ASG,2015-12-31 16:13:44.589000
28.65631,77.23175,AB,2015-12-31 16:13:44.591000
51.64758,-0.16545,Augusto,2015-12-31 16:13:44.593000
28.54357,77.21096,CJ,2015-12-31 16:13:44.594000
28.5187918,77.1561141,RG,2015-12-31 16:13:44.595000
,,tools,2015-12-31 16:13:44.596000
28.5120206,77.1672994,rk,2015-12-31 16:13:44.597000
,,ASG,2015-12-31 16:14:08.303000
28.65631,77.23175,AB,2015-12-31 16:14:08.304000
51.64758,-0.16545,Augusto,2015-12-31 16:14:08.304000
28.54357,77.21096,CJ,2015-12-31 16:14:08.305000
28.5187918,77.1561141,RG,2015-12-31 16:14:08.325000
,,tools,2015-12-31 16:14:08.325000
28.5120206,77.1672994,rk,2015-12-31 16:14:08.326000
,,ASG,2015-12-31 16:15:09.036000
28.65631,77.23175,AB,2015-12-31 16:15:09.041000
51.64758,-0.16545,Augusto,2015-12-31 16:15:09.042000
28.54357,77.21096,CJ,2015-12-31 16:15:09.044000
28.5187918,77.1561141,RG,2015-12-31 16:15:09.045000
,,tools,2015-12-31 16:15:09.046000
28.5120206,77.1672994,rk,2015-12-31 16:15:09.048000
28.6296351,77.2308247,ASGA,2015-12-31 16:15:09.051000
,,ASG,2015-12-31 16:17:32.031000
28.65631,77.23175,AB,2015-12-31 16:17:32.034000
51.64758,-0.16545,Augusto,2015-12-31 16:17:32.034000
28.54357,77.21096,CJ,2015-12-31 16:17:32.034000
28.5187918,77.1561141,RG,2015-12-31 16:17:32.035000
,,tools,2015-12-31 16:17:32.035000
28.51202,77.1672983,rk,2015-12-31 16:17:32.036000
28.6296351,77.2308247,ASGA,2015-12-31 16:17:37.082000
,,ASG,2015-12-31 16:18:10.591000
28.65631,77.23175,AB,2015-12-31 16:18:10.595000
51.64758,-0.16545,Augusto,2015-12-31 16:18:10.597000
28.54357,77.21096,CJ,2015-12-31 16:18:10.598000
28.5187918,77.1561141,RG,2015-12-31 16:18:10.600000
,,tools,2015-12-31 16:18:10.601000
28.51202,77.1672983,rk,2015-12-31 16:18:10.602000
28.6296351,77.2308247,ASGA,2015-12-31 16:18:10.606000
,,ASG,2015-12-31 16:18:31.939000
28.65631,77.23175,AB,2015-12-31 16:18:31.942000
51.64758,-0.16545,Augusto,2015-12-31 16:18:31.942000
28.54357,77.21096,CJ,2015-12-31 16:18:31.942000
28.5187918,77.1561141,RG,2015-12-31 16:18:31.943000
,,tools,2015-12-31 16:18:31.943000
28.51202,77.1672983,rk,2015-12-31 16:18:31.943000
28.6296351,77.2308247,ASGA,2015-12-31 16:18:32.574000
,,ASG,2015-12-31 16:18:54.734000
28.65631,77.23175,AB,2015-12-31 16:18:54.738000
51.64758,-0.16545,Augusto,2015-12-31 16:18:54.740000
28.54357,77.21096,CJ,2015-12-31 16:18:54.742000
28.5187918,77.1561141,RG,2015-12-31 16:18:54.743000
,,tools,2015-12-31 16:18:54.744000
28.51202,77.1672983,rk,2015-12-31 16:18:54.745000
28.6296351,77.2308247,ASGA,2015-12-31 16:18:56.765000
,,ASG,2015-12-31 16:22:14.567000
28.65631,77.23175,AB,2015-12-31 16:22:14.570000
51.64758,-0.16545,Augusto,2015-12-31 16:22:14.572000
28.54357,77.21096,CJ,2015-12-31 16:22:14.573000
28.5187918,77.1561141,RG,2015-12-31 16:22:14.574000
,,tools,2015-12-31 16:22:14.575000
28.5120593,77.1671702,rk,2015-12-31 16:22:14.576000
28.6296351,77.2308247,ASGA,2015-12-31 16:22:21.506000
,,ASG,2015-12-31 16:22:53.715000
28.65631,77.23175,AB,2015-12-31 16:22:53.720000
51.64758,-0.16545,Augusto,2015-12-31 16:22:53.721000
28.54357,77.21096,CJ,2015-12-31 16:22:53.722000
28.5187918,77.1561141,RG,2015-12-31 16:22:53.723000
,,tools,2015-12-31 16:22:53.724000
28.5120593,77.1671702,rk,2015-12-31 16:22:53.725000
28.6296351,77.2308247,ASGA,2015-12-31 16:22:58.507000
,,ASG,2015-12-31 16:24:10.667000
28.65631,77.23175,AB,2015-12-31 16:24:10.669000
51.64758,-0.16545,Augusto,2015-12-31 16:24:10.670000
28.54357,77.21096,CJ,2015-12-31 16:24:10.670000
28.5187918,77.1561141,RG,2015-12-31 16:24:10.671000
,,tools,2015-12-31 16:24:10.671000
28.5120593,77.1671702,rk,2015-12-31 16:24:10.672000
28.6296351,77.2308247,ASGA,2015-12-31 16:24:10.674000
,,ASG,2015-12-31 16:24:41.251000
28.65631,77.23175,AB,2015-12-31 16:24:41.255000
51.64758,-0.16545,Augusto,2015-12-31 16:24:41.256000
28.54357,77.21096,CJ,2015-12-31 16:24:41.257000
28.5187918,77.1561141,RG,2015-12-31 16:24:41.259000
,,tools,2015-12-31 16:24:41.260000
28.5120593,77.1671702,rk,2015-12-31 16:24:41.261000
28.6296351,77.2308247,ASGA,2015-12-31 16:24:41.939000
,,ASG,2015-12-31 16:26:44.634000
28.65631,77.23175,AB,2015-12-31 16:26:44.636000
51.64758,-0.16545,Augusto,2015-12-31 16:26:44.637000
28.54357,77.21096,CJ,2015-12-31 16:26:44.638000
28.5187918,77.1561141,RG,2015-12-31 16:26:44.639000
,,tools,2015-12-31 16:26:44.640000
28.5120593,77.1671702,rk,2015-12-31 16:26:44.641000
28.6296351,77.2308247,ASGA,2015-12-31 16:26:44.646000
,,ASG,2015-12-31 16:27:01.061000
28.65631,77.23175,AB,2015-12-31 16:27:01.065000
51.64758,-0.16545,Augusto,2015-12-31 16:27:01.067000
28.54357,77.21096,CJ,2015-12-31 16:27:01.067000
28.5187918,77.1561141,RG,2015-12-31 16:27:01.068000
,,tools,2015-12-31 16:27:01.069000
28.5120593,77.1671702,rk,2015-12-31 16:27:01.069000
28.6296351,77.2308247,ASGA,2015-12-31 16:27:05.955000
,,ASG,2015-12-31 16:29:08.661000
28.65631,77.23175,AB,2015-12-31 16:29:08.662000
51.64758,-0.16545,Augusto,2015-12-31 16:29:08.662000
28.54357,77.21096,CJ,2015-12-31 16:29:08.663000
28.5187918,77.1561141,RG,2015-12-31 16:29:08.663000
,,tools,2015-12-31 16:29:08.664000
28.5120749,77.1671788,rk,2015-12-31 16:29:08.664000
,,ASG,2015-12-31 16:29:31.274000
28.65631,77.23175,AB,2015-12-31 16:29:31.276000
51.64758,-0.16545,Augusto,2015-12-31 16:29:31.277000
28.54357,77.21096,CJ,2015-12-31 16:29:31.278000
28.5187918,77.1561141,RG,2015-12-31 16:29:31.279000
,,tools,2015-12-31 16:29:31.280000
28.5120749,77.1671788,rk,2015-12-31 16:29:31.281000
,,ASG,2015-12-31 16:29:54.208000
28.65631,77.23175,AB,2015-12-31 16:29:54.209000
51.64758,-0.16545,Augusto,2015-12-31 16:29:54.209000
28.54357,77.21096,CJ,2015-12-31 16:29:54.209000
28.5187918,77.1561141,RG,2015-12-31 16:29:54.210000
,,tools,2015-12-31 16:29:54.210000
28.5120749,77.1671788,rk,2015-12-31 16:29:54.210000
,,ASG,2015-12-31 16:30:16.927000
28.65631,77.23175,AB,2015-12-31 16:30:16.927000
51.64758,-0.16545,Augusto,2015-12-31 16:30:16.928000
28.54357,77.21096,CJ,2015-12-31 16:30:16.929000
28.5187918,77.1561141,RG,2015-12-31 16:30:16.930000
,,tools,2015-12-31 16:30:16.930000
28.5120749,77.1671788,rk,2015-12-31 16:30:16.932000
,,ASG,2015-12-31 16:30:39.573000
28.65631,77.23175,AB,2015-12-31 16:30:39.574000
51.64758,-0.16545,Augusto,2015-12-31 16:30:39.574000
28.54357,77.21096,CJ,2015-12-31 16:30:39.574000
28.5187918,77.1561141,RG,2015-12-31 16:30:39.575000
,,tools,2015-12-31 16:30:39.576000
28.5120749,77.1671788,rk,2015-12-31 16:30:39.576000
,,ASG,2015-12-31 16:31:02.325000
28.65631,77.23175,AB,2015-12-31 16:31:02.328000
51.64758,-0.16545,Augusto,2015-12-31 16:31:02.329000
28.54357,77.21096,CJ,2015-12-31 16:31:02.330000
28.5187918,77.1561141,RG,2015-12-31 16:31:02.332000
,,tools,2015-12-31 16:31:02.332000
28.5120749,77.1671788,rk,2015-12-31 16:31:02.333000
,,ASG,2015-12-31 16:31:25.071000
28.65631,77.23175,AB,2015-12-31 16:31:25.072000
51.64758,-0.16545,Augusto,2015-12-31 16:31:25.073000
28.54357,77.21096,CJ,2015-12-31 16:31:25.073000
28.5187918,77.1561141,RG,2015-12-31 16:31:25.074000
,,tools,2015-12-31 16:31:25.074000
28.5120749,77.1671788,rk,2015-12-31 16:31:25.075000
,,ASG,2015-12-31 16:37:22.325000
28.65631,77.23175,AB,2015-12-31 16:37:22.327000
51.64758,-0.16545,Augusto,2015-12-31 16:37:22.328000
28.54357,77.21096,CJ,2015-12-31 16:37:22.328000
28.5187918,77.1561141,RG,2015-12-31 16:37:22.329000
,,tools,2015-12-31 16:37:22.329000
28.5118874,77.1668331,rk,2015-12-31 16:37:22.330000
28.6296351,77.2308247,ASGA,2015-12-31 16:37:28.553000
,,ASG,2015-12-31 16:37:51.252000
28.65631,77.23175,AB,2015-12-31 16:37:51.254000
51.64758,-0.16545,Augusto,2015-12-31 16:37:51.255000
28.54357,77.21096,CJ,2015-12-31 16:37:51.256000
28.5187918,77.1561141,RG,2015-12-31 16:37:51.257000
,,tools,2015-12-31 16:37:51.257000
28.5118874,77.1668331,rk,2015-12-31 16:37:51.258000
28.6296351,77.2308247,ASGA,2015-12-31 16:37:51.260000
,,ASG,2015-12-31 16:38:13.756000
28.65631,77.23175,AB,2015-12-31 16:38:13.759000
51.64758,-0.16545,Augusto,2015-12-31 16:38:13.759000
28.54357,77.21096,CJ,2015-12-31 16:38:13.760000
28.5187918,77.1561141,RG,2015-12-31 16:38:13.761000
,,tools,2015-12-31 16:38:13.762000
28.5118874,77.1668331,rk,2015-12-31 16:38:13.763000
28.6296351,77.2308247,ASGA,2015-12-31 16:38:13.768000
,,ASG,2015-12-31 16:38:50.420000
28.65631,77.23175,AB,2015-12-31 16:38:50.424000
51.64758,-0.16545,Augusto,2015-12-31 16:38:50.426000
28.54357,77.21096,CJ,2015-12-31 16:38:50.427000
28.5187918,77.1561141,RG,2015-12-31 16:38:50.428000
,,tools,2015-12-31 16:38:50.429000
28.5118874,77.1668331,rk,2015-12-31 16:38:50.430000
28.6296351,77.2308247,ASGA,2015-12-31 16:38:50.433000
,,ASG,2015-12-31 16:40:58.635000
28.65631,77.23175,AB,2015-12-31 16:40:58.639000
51.64758,-0.16545,Augusto,2015-12-31 16:40:58.640000
28.54357,77.21096,CJ,2015-12-31 16:40:58.642000
28.5187918,77.1561141,RG,2015-12-31 16:40:58.643000
,,tools,2015-12-31 16:40:58.644000
28.5120335,77.1672473,rk,2015-12-31 16:40:58.645000
28.6296351,77.2308247,ASGA,2015-12-31 16:40:59.398000
,,ASG,2015-12-31 16:41:21.954000
28.65631,77.23175,AB,2015-12-31 16:41:21.956000
51.64758,-0.16545,Augusto,2015-12-31 16:41:21.958000
28.54357,77.21096,CJ,2015-12-31 16:41:21.959000
28.5187918,77.1561141,RG,2015-12-31 16:41:21.960000
,,tools,2015-12-31 16:41:21.961000
28.5120335,77.1672473,rk,2015-12-31 16:41:21.963000
28.6296351,77.2308247,ASGA,2015-12-31 16:41:21.967000
,,ASG,2015-12-31 16:42:11.781000
28.65631,77.23175,AB,2015-12-31 16:42:11.785000
51.64758,-0.16545,Augusto,2015-12-31 16:42:11.786000
28.54357,77.21096,CJ,2015-12-31 16:42:11.787000
28.5187918,77.1561141,RG,2015-12-31 16:42:11.788000
,,tools,2015-12-31 16:42:11.788000
28.5120335,77.1672473,rk,2015-12-31 16:42:11.789000
28.6296351,77.2308247,ASGA,2015-12-31 16:42:17.386000
,,ASG,2015-12-31 16:42:39.982000
28.65631,77.23175,AB,2015-12-31 16:42:39.983000
51.64758,-0.16545,Augusto,2015-12-31 16:42:39.983000
28.54357,77.21096,CJ,2015-12-31 16:42:39.984000
28.5187918,77.1561141,RG,2015-12-31 16:42:39.984000
,,tools,2015-12-31 16:42:39.985000
28.5120335,77.1672473,rk,2015-12-31 16:42:39.985000
28.6296351,77.2308247,ASGA,2015-12-31 16:42:39.987000
,,ASG,2015-12-31 16:43:03.131000
28.65631,77.23175,AB,2015-12-31 16:43:03.134000
51.64758,-0.16545,Augusto,2015-12-31 16:43:03.135000
28.54357,77.21096,CJ,2015-12-31 16:43:03.136000
28.5187918,77.1561141,RG,2015-12-31 16:43:03.138000
,,tools,2015-12-31 16:43:03.139000
28.5120335,77.1672473,rk,2015-12-31 16:43:03.140000
28.6296351,77.2308247,ASGA,2015-12-31 16:43:03.143000
,,ASG,2015-12-31 16:43:20.732000
28.65631,77.23175,AB,2015-12-31 16:43:20.734000
51.64758,-0.16545,Augusto,2015-12-31 16:43:20.734000
28.54357,77.21096,CJ,2015-12-31 16:43:20.734000
28.5187918,77.1561141,RG,2015-12-31 16:43:20.735000
,,tools,2015-12-31 16:43:20.735000
28.5120335,77.1672473,rk,2015-12-31 16:43:20.735000
28.6296351,77.2308247,ASGA,2015-12-31 16:43:21.439000
,,ASG,2015-12-31 16:43:44.050000
28.65631,77.23175,AB,2015-12-31 16:43:44.053000
51.64758,-0.16545,Augusto,2015-12-31 16:43:44.054000
28.54357,77.21096,CJ,2015-12-31 16:43:44.054000
28.5187918,77.1561141,RG,2015-12-31 16:43:44.057000
,,tools,2015-12-31 16:43:44.058000
28.5120335,77.1672473,rk,2015-12-31 16:43:44.059000
28.6296351,77.2308247,ASGA,2015-12-31 16:43:44.063000
,,ASG,2015-12-31 16:43:59.407000
28.65631,77.23175,AB,2015-12-31 16:43:59.410000
51.64758,-0.16545,Augusto,2015-12-31 16:43:59.411000
28.54357,77.21096,CJ,2015-12-31 16:43:59.413000
28.5187918,77.1561141,RG,2015-12-31 16:43:59.415000
,,tools,2015-12-31 16:43:59.416000
28.5120335,77.1672473,rk,2015-12-31 16:43:59.417000
28.6296351,77.2308247,ASGA,2015-12-31 16:44:04.321000
,,ASG,2015-12-31 16:44:27.141000
28.65631,77.23175,AB,2015-12-31 16:44:27.141000
51.64758,-0.16545,Augusto,2015-12-31 16:44:27.142000
28.54357,77.21096,CJ,2015-12-31 16:44:27.142000
28.5187918,77.1561141,RG,2015-12-31 16:44:27.143000
,,tools,2015-12-31 16:44:27.143000
28.5120335,77.1672473,rk,2015-12-31 16:44:27.144000
,,ASG,2015-12-31 16:44:49.962000
28.65631,77.23175,AB,2015-12-31 16:44:49.963000
51.64758,-0.16545,Augusto,2015-12-31 16:44:49.963000
28.54357,77.21096,CJ,2015-12-31 16:44:49.964000
28.5187918,77.1561141,RG,2015-12-31 16:44:49.964000
,,tools,2015-12-31 16:44:49.965000
28.5120335,77.1672473,rk,2015-12-31 16:44:49.965000
,,ASG,2015-12-31 16:45:12.770000
28.65631,77.23175,AB,2015-12-31 16:45:12.770000
51.64758,-0.16545,Augusto,2015-12-31 16:45:12.771000
28.54357,77.21096,CJ,2015-12-31 16:45:12.772000
28.5187918,77.1561141,RG,2015-12-31 16:45:12.772000
,,tools,2015-12-31 16:45:12.773000
28.5120335,77.1672473,rk,2015-12-31 16:45:12.774000
,,ASG,2015-12-31 16:48:45.397000
28.65631,77.23175,AB,2015-12-31 16:48:45.399000
51.64758,-0.16545,Augusto,2015-12-31 16:48:45.400000
28.54357,77.21096,CJ,2015-12-31 16:48:45.400000
28.5187918,77.1561141,RG,2015-12-31 16:48:45.401000
,,tools,2015-12-31 16:48:45.401000
28.5118159,77.1669079,rk,2015-12-31 16:48:45.402000
28.6296351,77.2308247,ASGA,2015-12-31 16:48:45.404000
,,ASG,2015-12-31 16:49:08.174000
28.65631,77.23175,AB,2015-12-31 16:49:08.175000
51.64758,-0.16545,Augusto,2015-12-31 16:49:08.176000
28.54357,77.21096,CJ,2015-12-31 16:49:08.178000
28.5187918,77.1561141,RG,2015-12-31 16:49:08.179000
,,tools,2015-12-31 16:49:08.180000
28.5118159,77.1669079,rk,2015-12-31 16:49:08.181000
28.6296351,77.2308247,ASGA,2015-12-31 16:49:08.183000
,,ASG,2015-12-31 16:49:20.009000
28.65631,77.23175,AB,2015-12-31 16:49:20.014000
51.64758,-0.16545,Augusto,2015-12-31 16:49:20.015000
28.54357,77.21096,CJ,2015-12-31 16:49:20.016000
28.5187918,77.1561141,RG,2015-12-31 16:49:20.017000
,,tools,2015-12-31 16:49:20.018000
28.5118159,77.1669079,rk,2015-12-31 16:49:20.019000
28.6296351,77.2308247,ASGA,2015-12-31 16:49:20.720000
,,ASG,2015-12-31 16:49:43.775000
28.65631,77.23175,AB,2015-12-31 16:49:43.778000
51.64758,-0.16545,Augusto,2015-12-31 16:49:43.779000
28.54357,77.21096,CJ,2015-12-31 16:49:43.780000
28.5187918,77.1561141,RG,2015-12-31 16:49:43.780000
,,tools,2015-12-31 16:49:43.781000
28.5118883,77.166834,rk,2015-12-31 16:49:43.781000
28.6296351,77.2308247,ASGA,2015-12-31 16:49:43.784000
,,ASG,2015-12-31 16:49:59.279000
28.65631,77.23175,AB,2015-12-31 16:49:59.281000
51.64758,-0.16545,Augusto,2015-12-31 16:49:59.281000
28.54357,77.21096,CJ,2015-12-31 16:49:59.281000
28.5187918,77.1561141,RG,2015-12-31 16:49:59.282000
,,tools,2015-12-31 16:49:59.282000
28.5118883,77.166834,rk,2015-12-31 16:49:59.282000
28.6296351,77.2308247,ASGA,2015-12-31 16:50:01.398000
,,ASG,2015-12-31 16:50:23.973000
28.65631,77.23175,AB,2015-12-31 16:50:23.974000
51.64758,-0.16545,Augusto,2015-12-31 16:50:23.975000
28.54357,77.21096,CJ,2015-12-31 16:50:23.976000
28.5187918,77.1561141,RG,2015-12-31 16:50:23.978000
,,tools,2015-12-31 16:50:23.978000
28.5118159,77.1669079,rk,2015-12-31 16:50:23.979000
28.6296351,77.2308247,ASGA,2015-12-31 16:50:23.981000
,,ASG,2015-12-31 16:50:55.027000
28.65631,77.23175,AB,2015-12-31 16:50:55.030000
51.64758,-0.16545,Augusto,2015-12-31 16:50:55.030000
28.54357,77.21096,CJ,2015-12-31 16:50:55.030000
28.5187918,77.1561141,RG,2015-12-31 16:50:55.031000
,,tools,2015-12-31 16:50:55.031000
28.5118159,77.1669079,rk,2015-12-31 16:50:55.032000
28.6296351,77.2308247,ASGA,2015-12-31 16:50:55.727000
,,ASG,2015-12-31 16:51:18.571000
28.65631,77.23175,AB,2015-12-31 16:51:18.573000
51.64758,-0.16545,Augusto,2015-12-31 16:51:18.574000
28.54357,77.21096,CJ,2015-12-31 16:51:18.575000
28.5187918,77.1561141,RG,2015-12-31 16:51:18.576000
,,tools,2015-12-31 16:51:18.578000
28.5118159,77.1669079,rk,2015-12-31 16:51:18.579000
28.6296351,77.2308247,ASGA,2015-12-31 16:51:18.583000
,,ASG,2015-12-31 16:51:27.139000
28.65631,77.23175,AB,2015-12-31 16:51:27.141000
51.64758,-0.16545,Augusto,2015-12-31 16:51:27.143000
28.54357,77.21096,CJ,2015-12-31 16:51:27.144000
28.5187918,77.1561141,RG,2015-12-31 16:51:27.145000
,,tools,2015-12-31 16:51:27.147000
28.5118159,77.1669079,rk,2015-12-31 16:51:27.148000
28.6296351,77.2308247,ASGA,2015-12-31 16:51:28.859000
,,ASG,2015-12-31 16:51:51.455000
28.65631,77.23175,AB,2015-12-31 16:51:51.457000
51.64758,-0.16545,Augusto,2015-12-31 16:51:51.457000
28.54357,77.21096,CJ,2015-12-31 16:51:51.457000
28.5187918,77.1561141,RG,2015-12-31 16:51:51.458000
,,tools,2015-12-31 16:51:51.458000
28.5118159,77.1669079,rk,2015-12-31 16:51:51.458000
,,ASG,2015-12-31 16:52:20.331000
28.65631,77.23175,AB,2015-12-31 16:52:20.333000
51.64758,-0.16545,Augusto,2015-12-31 16:52:20.334000
28.54357,77.21096,CJ,2015-12-31 16:52:20.335000
28.5187918,77.1561141,RG,2015-12-31 16:52:20.336000
,,tools,2015-12-31 16:52:20.337000
28.5118883,77.166834,rk,2015-12-31 16:52:20.339000
,,ASG,2015-12-31 17:08:55.563000
28.65631,77.23175,AB,2015-12-31 17:08:55.567000
51.64758,-0.16545,Augusto,2015-12-31 17:08:55.568000
28.54357,77.21096,CJ,2015-12-31 17:08:55.569000
28.5187918,77.1561141,RG,2015-12-31 17:08:55.571000
,,tools,2015-12-31 17:08:55.572000
28.5121978,77.1671846,rk,2015-12-31 17:08:55.572000
28.6296351,77.2308247,ASGA,2015-12-31 17:08:55.573000
32.6902846,74.8795242,rk,2016-02-01 01:23:54.825000
32.6902846,74.8795242,rk,2016-02-01 01:25:10.710000
32.6902846,74.8795242,rk,2016-02-01 01:25:51.764000
,,ASG,2016-02-01 02:21:22.978000
32.6902846,74.8795242,rk,2016-02-01 02:21:23.009000
,,ASG,2016-02-01 02:22:13.315000
32.6902846,74.8795242,rk,2016-02-01 02:22:13.689000
,,ASG,2016-02-01 02:22:40.512000
32.6902846,74.8795242,rk,2016-02-01 02:22:40.668000
,,ASG,2016-02-01 02:23:06.252000
32.6902846,74.8795242,rk,2016-02-01 02:23:06.470000
,,ASG,2016-02-01 02:32:06.961000
,,ASG,2016-02-01 02:32:28.630000
,,rk,2016-02-01 02:32:28.630000
,,ASG,2016-02-01 02:46:11.158000
,,rk,2016-02-01 02:46:11.158000
,,ASG,2016-02-01 02:49:27.680000
,,rk,2016-02-01 02:49:27.695000
,,ASG,2016-02-01 02:50:28.961000
,,rk,2016-02-01 02:50:29.055000
,,ASG,2016-02-01 02:51:43.564000
,,rk,2016-02-01 02:51:43.564000
,,ASG,2016-02-01 03:04:05.579000
,,rk,2016-02-01 03:04:05.579000
,,ASG,2016-02-01 03:09:10.377000
,,rk,2016-02-01 03:09:10.377000
,,ASG,2016-02-01 15:53:29.562000
,,ASG,2016-02-01 16:08:58.798000
32.6902846,74.8795242,rk,2016-02-01 16:09:46.287000
32.6902846,74.8795242,rk,2016-02-01 16:19:43.356000
